{
  "benchmarks": {
    "latency": {
      "timestamp": "2025-10-25T17:16:40.154660",
      "backend": "mujoco",
      "operations": {
        "get_joint_pos": {
          "mean_ms": 0.00031285064566570026,
          "median_ms": 0.00029199873097240925,
          "std_ms": 0.00024140022009889255,
          "min_ms": 0.0002079978003166616,
          "max_ms": 0.012665997928706929,
          "p95_ms": 0.0003339991963002831,
          "p99_ms": 0.0003749992174562067,
          "samples": 3000
        },
        "set_joint_pos": {
          "mean_ms": 0.0008444189988949802,
          "median_ms": 0.000833999365568161,
          "std_ms": 6.411104687589663e-05,
          "min_ms": 0.0007079979695845395,
          "max_ms": 0.002125001628883183,
          "p95_ms": 0.0008750030247028917,
          "p99_ms": 0.0009169998520519584,
          "samples": 1000
        },
        "set_emotion": {
          "mean_ms": 0.010709897931519663,
          "median_ms": 0.00695899871061556,
          "std_ms": 0.01725826482280126,
          "min_ms": 0.006332997145364061,
          "max_ms": 0.2871249998861458,
          "p95_ms": 0.03052084939554332,
          "p99_ms": 0.06369200105837078,
          "samples": 1000
        },
        "get_telemetry": {
          "mean_ms": 0.0006691810340271331,
          "median_ms": 0.0006660011422354728,
          "std_ms": 0.0004298706410983123,
          "min_ms": 0.0005410001904238015,
          "max_ms": 0.013458000466926023,
          "p95_ms": 0.0007089984137564898,
          "p99_ms": 0.0007500020728912205,
          "samples": 1000
        }
      }
    }
  }
}